id,sequence,activity,year_of_publication
0,CCCCGAGGTGTGGACATAGCGGGCTGGTGTGGCGCGCAGTGAGCCTAGTG,1e-05,2011
1,CATCGGTGTAGCGATGCACGGGCAAAGATACATTCGCAGTGAGGGTGCGG,1e-05,2011
2,CCACGTGCGAGGTTAGACGTCAGTGGCTGGTGTTCGCAGTGAGCCTATTG,1e-05,2011
3,CCGACGCGTCCAGGAGGCAAGGGCTATATGCACCGCAGTGAGGGCTCGG,1e-05,2011
4,CACGAGGTAGGGAGGGGCACACTGCTATGCTCAGCGCAGTGAGAGTATGC,1e-05,2011
5,CACATGTCTAGCGGCGTGCGGGAGAAGTGCAAGCGCTGTGAGGGTGTG,1e-05,2011
6,CCAAGGCAGAGCGTAGCCAGACAGCCGGGAGGTTCGCAGTGAGTGAATGG,1e-05,2011
7,GTAGCCACATTAGTGCGCTGCAACTGCTATGCAACGCAGTGAGAGGGTGC,1e-05,2011
8,CTAACCACTATCCATGATTGTAAGAGCGGACAGCTGCAACGGGTTGATTATAGTGGGG,1e-05,2006
9,CTAACCATTATCCTCGATTGTTAGAACGAACAGTTGCAACGGGTTGATTATAGTGGG,1e-05,2006
10,TAACCCATTATCTTCGATGTTAGAACGAACAGCTGCAACGGGTTGATTATAGTGAG,1e-05,2006
11,CTCGCCATTATCCTTGAGTGTTAGAACGAACAGTTGCAACGGGTTGATTATAGTGAG,1e-05,2006
12,CTATGCATTATCCTTGACTGTTAGATCGAGCAGTTGCAACGGGTTGATTATAGTGAG,1e-05,2006
13,CTAACCATTATCCCTGATTGTTAGAACGAACAGTTGCGACGGGTTGATTATAGTGAC,1e-05,2006
14,CTACGCATTATCCCTGGTTGTTAGAACGAGCAGTTGCAACGGGTTGATTATAGTGAC,1e-05,2006
15,CAAACCATTATCCTCGATTGCAAGAACGAGCAGTTGGAACGGGTTGATTGTAGTGAGG,1e-05,2006
16,CATATTCATCATCCTCGACTGCAAGAAAGAACAGTTGGAACGGGTTGAATATAGTGAG,1e-05,2006
17,CACGTGGACTTGGCATGGTCCCAGCGCTAGTTTTAAGCGC,1e-05,2005
18,CCCGTACACGACTGTGGTGTTGAACGGCTGCTAGCCGGCA,1e-05,2005
19,CCGACGAGGTGAGGGGCATGCGGTACACGCGCATATAGTGAGGGGTCCA,1e-05,2011
20,CCCGTGACATTCATATGGGGTCGGTTCCAATCGCGAATTA,1e-05,2005
21,CCCGTACACTCGACGTGGTGACGCTGTGGCGTGAGCCTGT,1e-05,2005
22,CAGAGATGGGGTGTGATCTGGGTTGATAACACGGAGCGGTC,1e-05,2005
23,CCCGTACACTTAGAATGGTGCAGCCAGCATGCTGTACAGTA,1e-05,2005
24,CCCGTGCACTCTATGATGGTGTCCCCTGATACCAACAGGG,1e-05,2005
25,CACGTGACCTCAGGAATGGGTTCGAGGTGGGTGCACCTGC,1e-05,2005
26,GGAACGCAGTCGCACGTGACTAGGGAATCGTATCCTCATG,1e-05,2005
27,CGTGGTTTCCGGAATGCCTAGCGTTCAAGTGTGGATGCTT,1e-05,2005
28,CCGCGAGGCCGTGGCCCGAGTTGGTCAAAGCACAACGAGT,1e-05,2005
29,GATGTGGTCCAGCTGATAGGGCAGCGTTAGGCATACGTTG,1e-05,2005
30,GCGACGGATTTAGGTGTGTTAGACAGGGTCGGGAATAGAT,1e-05,2005
31,GCAGCGGGGAAGGCACTTCCAGGCAGGGGGGAAAAACAA,1e-05,2005
32,CGAGGCGTAGGTTAATTACAAACGGCTCAGACAACGTATG,1e-05,2005
33,GGCGAAGGGACTACGTTGGCCATGCGGGTGGGCCGCTATG,1e-05,2005
34,GAACGTGAGGTGCGGGAATTAATCACAAACCGGAAACGGA,1e-05,2005
35,CACCACAATGGTTGATGCCGGGCCAAGTGGCGCAGCATAC,1e-05,2005
36,CGCACGGAGCCCGTTAGGGGTCCACGGAGTGGGTGAACCT,1e-05,2005
37,CCGGGCATCAAGTGCGCAACGATGACGAAATCGGGTGGGT,1e-05,2005
38,CGCACGGTCTGGTGTGGAAGCCAGGTTGCCTCCCTGCAAA,1e-05,2005
39,CAGGGGGAGCGAGCACTAATACAAGCGGGTAGGAGGCCCT,1e-05,2005
40,CGGGAGGAGGCAAAGGCTAGTTTGTCGGATAGGAGGCCCT,1e-05,2005
41,CGTGGGAGCCATTGGGAGGGGCTGAGAACATAAGTCACGA,1e-05,2005
42,GCAGTGCAAATGAGGCATGGAGAAACTACTCTATGCTGAA,1e-05,2005
43,GCAGTGCAAATGAGTAAGGACTGATATCAGTCACTACGAA,1e-05,2005
44,GCAGTGCTAATGAGGGTGTGGCAGAAGCTATACAGCCGAA,1e-05,2005
45,GACGGGTGGGGAAATCAGCCTGTATTGGGTTCAGAGCGGA,1e-05,2005
46,GACGACAGCGGTTCCCAGCTCAGTAGTGATAGTTTACTGC,1e-05,2005
47,GACACCGAGCAGAGGACCGGACCTAGTTGGTAAAAGGTAA,1e-05,2005
48,CACAGGCGCGCGAGGGGCTATGTCCGGTGGTGCAGGCGGA,1e-05,2005
49,CGGAAGGATGACAAGGAGCGTAGCTGATGGGGACTCAGAC,1e-05,2005
50,GGGGCGTAGTGGAGACCGGGGACAGTGGAGTACGTCCAGC,1e-05,2005
51,GTTAACGCAGGGCGTCGTACTACATCCTTGTGCAGCTACG,1e-05,2005
52,TGAAGCGCGTTATCCATGCAAAAAATGGATCCGGTACCAAC,1e-05,2005
53,TGCAGCGGCTGCGCGGGTATCCGGTCTCCAGGGGACGCTT,1e-05,2005
54,AGACCCAGTGTTCTCAGCCGCCCGCCGCAGCGGGGAGGTA,1e-05,2005
55,CGAAGACGAGGAGTAACCTTAGATGAAGGTGGGGACGATT,1e-05,2005
56,GGGCGAGGACCGGGTACTAGGGGAACACGCCGCACGCGGG,1e-05,2005
57,AGACGCAGTGTCAGGGTACCACAGACATGTGGAGTGGCTG,1e-05,2005
58,CATGCGTGTTGCGTGGATACGAGGCTATTCAGAGGGTAAA,1e-05,2005
59,CACGTACACTTGGTATGGTGTGACACCTCAGCTCATACAT,1e-05,2005
60,TTACGTGGAGGTGGGCTCTA,1e-05,2003
61,ACGGCGAGTTTCATGGAGTGATTGGGAGGTTAGCTCTA,1e-05,2004
62,CCGCTCCGATTGGTGAAGTCTATTGGGGCCTGTAGGCGAG,1e-05,2008
63,CCCGAGGAGGGGCGGGGGGACTTGGTGTGGAGTTTCATTC,1e-05,2004
64,AAGGGGAGGGCCGATTGGCATTATCGGCGTCTTAGCTCTA,1e-05,2003
65,TAACCGTGGTTACCGTAAGCGCGGGGCTTATAGGGGATT,1e-05,2003
66,GGATCATACGGTCGGAGGGGTTTGCCGTTTA,1e-05,2010
67,AATGATGCTTGACAGGGTCTATAGTTTCTATGTAGCCCGA,1e-05,2003
68,AGGATGTGGGGTTTTGCCCGAGGGTATGGCAGTGGGGA,1e-05,2003
69,GTGAGAGCCATTGTGCATTGTGGTGCAACTGTACGCGCCT,1e-05,2008
70,GTGAGAGCAGGTTTGGCACGCGTGCCACTAACCCGCGCCT,1e-05,2008
71,GTGGGAGCCTGATGGAAGAATGGGAGAACAGCACGCGCCT,1e-05,2008
72,GGGAGAGCTAGGAGGCGCTGAGTCTCGGCTCCTCGCGCCT,1e-05,2008
73,GTGAGAGCAAGCGAGGGATACATGAACCGAAACCGCGCCT,1e-05,2008
74,GTGAGAGCAGTAAACGGAAGGCCTCTTCCTGTCCGCGCCT,1e-05,2008
75,GTGAGAGCATGTGGCACCCTGGCAGGAACCTAACGCGCCT,1e-05,2008
76,ACTGAGAGCCTCGATGAATGCCTAATTATATCGTCGCGCC,1e-05,2008
77,GTGAGAGCAATACGTATGAAGATATTGAAGTTTCGCGCCT,1e-05,2008
78,GTGAGAGCATCACTGTAACCGCCGTGCGGTGGACGCGCCT,1e-05,2008
79,GGGAGAGCAGTTATGATGCATGAGCCATTGACCGCGCCT,1e-05,2008
80,GGGAGAGCAGCGATGCAAGACATTGGGGCGGAGCCGCGCT,1e-05,2008
81,TGAGAGCATTTCCGGCGGAGCTCTACGGGGGCCGCGCCT,1e-05,2008
82,TTTAGTCAGGAGTAGACATCGATGATTGCTAATCGAACCT,1e-05,2008
83,GTGAGAGAACCGCGGTGTAGACACAGATCGCGGCGCGCCT,1e-05,2008
84,GGGAGAGCAGTTATGACGCATAAGCTATTGACCGCGCCT,1e-05,2008
85,GTGAGAGCAATCACTTTGGGTAGGTACGGGTGAACGCGCT,1e-05,2008
86,GTTAGAGCCAAACACGTTTGTGTCAGCGGGTTTCGCGCCT,1e-05,2008
87,GGAAGAGCAATGTACTCCGACGTCAGAGGATATCGCGCCT,1e-05,2008
88,ACGCCCACCATTTAAGAGCATCGCCGGAATAGCGGGGACT,1e-05,2008
89,ACTATACCACCGAGATTCGAATTGGAGCAGTAGTGGCTTG,1e-05,2008
90,ACCGGTCCCTGTCGGTCGAAGGAGTGGCACTGAGGAGAAT,1e-05,2008
91,GCACGGCCGGATTGGGGGGCCCAATGACTTGATCATTGCT,1e-05,2008
92,ACGCGAGGGGAGTTCAATCGCTTGTTCGGCAAGGTCGGGA,1e-05,2008
93,ACACGCGTTACGGACTGAGCAGATTCAGGCCAAACTGCCT,1e-05,2008
94,AATGAGGCTTGGCAGGGATTTAGTATTTTAACACTCCCGG,1e-05,2003
95,ACCGCGGGAGCTACGTTAGTGGTAACTGCTTGTAGGCGAG,1e-05,2005
96,ACATGTGCGGTAATGAGGCGTAGACAAATAGAGATACCT,1e-05,2008
97,AAGGCAGCAGGCGGCATTTTTTGTCCGTACGTTCTCCTATA,1e-05,2008
98,ACCGCGGGAGTTTCGTTAGTGGTGACTGCTTGTAGGCGAG,1e-05,2008
99,GTAGAGTGGTTCCGGTTATCGCCTTAGATACCATTGCTGT,1e-05,2008
100,GCGGGGTTAAGCCACGAATGCGGGGCAAAGCGTACCCCCT,1e-05,2008
101,CCGCTGCGGAGGTTGTACGCGTCTGTGGCTTGTAGGCGAG,1e-05,2008
102,TACACCTATTATGGTTTCGTGAGGGGTGTGGCTGGTGCTG,1e-05,2005
103,CAGAGCCCCTTACGTACAGCCTTTTTAGGTAACCGGGGAG,1e-05,2005
104,CAGCGCGATTGGGGGCGTGATTGAAGCTCGGGGTTGGTTA,1e-05,2008
105,TACACCTATAATGGTTTCGTGAGGGGTGTGGCTGATGCTG,1e-05,2008
106,CCTGTACTGCGCTGCTCAAATCAGCCGGGTGTGTGAACTC,1e-05,2008
107,TGTATGTGGGGGGTGTGTATCAGTCTACTGTGGCTTAAGC,1e-05,2008
108,AGGGAGCGGTGTGGCACAGACAGGGTATTAACTCTGTGAG,1e-05,2005
109,GTGGGAGGACGCGTCAGTAGTTATGACCTGCCTGAGTGCT,1e-05,2005
110,CGGGAGAGGAGTGGCAGAGATACTGTGAATGTAATCTGAG,1e-05,2005
111,CAGTGCAGGGCGTGAGGGCTCGGTTCCCGTATTATCT,1e-05,2004
112,CAGCGCAGGGTGTGAGGGCTCGGTTCCCGTATTATTT,1e-05,2004
113,GGCACTCAGAGCGCACGGCG,1e-05,2005
114,CCCGACGATGGAATGGAAGGGCGGGAGAGCCGCGGTAG,1e-05,2004
115,CAGCCTACGGGTAACAAGGTGCGAGAGATCAGCGGCAG,1e-05,2004
116,CACGAGATGTTTACCACGCTGCGGGAGATTAGCGGTAG,1e-05,2004
117,CACAAGGGAACAGGCTGCGTGTGAGAGAGTCGCGGTAA,1e-05,2004
118,CAGGTCGTTAGGCGGGAGATAACAAGGTGAAGCGGTAG,1e-05,2004
119,CACGGCAACAGCAACAGCAGTGCGAGAGAGACGCGGTAG,1e-05,2004
120,CCCACCGGTAGGGCTACGGGCAAGGTCAACATGCCGCAAGTGAGGGGTCGA,1e-05,2011
121,CAGGCCATGGATTATTGGAGGAATGGGCCGTCAGCGCGTGAGGTGTGGA,1e-05,2011
122,CCGTAGGTGAAGGGCGTGAGGGTTCCATTCC,1e-05,2006
123,CTCCTCATTATTCACGAATGATAGCACGAATAGTGTGAACGGGTTGATTATAGTGGCG,1e-05,2006
124,CTCCTCATTATTCTAGAATGATAGCACGAATAGTGTGAACGGGTTGATTATAGTGGCG,1e-05,2006
125,CAGCTCATTATTCACGAATGATGCACGAATAGTGTGAACGGGTTGATTATAGTGGG,1e-05,2006
126,AACCCTCATTATCCACCAATGATAGCACGAATAGTGTGAGCGGGTTGATTATAGTGAG,1e-05,2006
127,AGGACTCATTAAGCTCGATTGCTCGAACGAACGGTTGGCACGGGTTGATTATAGTG,1e-05,2006
128,CGCAGCATTATGCTCGCATGCCCGAACGAACGGTTGGCACGGGTTGATTATAGTGGG,1e-05,2006
129,CGACTGGTTTTGCTCGTTTCTTCGTAGGAACAGATGTAATGGGTTGATATAGTGGCG,1e-05,2006
130,CGACTGGCTCTGCTCGTTTCTTCGAATGAACAGATGTAGTGGGTTGATATAGCGCG,1e-05,2006
131,CGACTAATCATGCTCGAATGTTCGTAAGAACAGTCTGTGCGGGTGGAATATAGTGAG,1e-05,2006
132,ACTGACTCATACTGCACGCTTGTCCCTAAGGTAGTTGCGCAGGTGGAATATAGTGGG,1e-05,2006
133,CTACGGGTTATGGTTGATTATACGTAAAAACAGTTAGGATGAGTTGTTGGTCGTGG,1e-05,2006
134,CGGTAAGGCCAGGGCGTGAGGGTCCGCTTCC,1e-05,2006
135,CATTATGCGAAGGGCGTGAGGGTTCCGTTCC,1e-05,2006
136,CCTATGGCCCAGGGCGTGAGGGTGCGGTTCC,1e-05,2006
137,AGTGTGCTGCTAGGGCGTGAGGGTCCGCTTCC,1e-05,2006
138,CCGGCAGGCAAGGGTGTGAGGGCTCGGTTCC,1e-05,2006
139,CCGTAGGCAAAGGGCGTGAGGGCTCGGTTCC,1e-05,2006
140,CTACAGGACCCGCGCAAAAGTGATTTCAGAGGTATGGGTG,1e-05,2005
141,CTAACTGTCAGATTCATCTAAAGATGGGGGGTTGTTTGAC,1e-05,2005
142,GGCGTTAAGGATTGGCGGAAACGGGTGGATCGCGGACC,1e-05,2005
143,GGCCGCTCACCCGTAGAACGGGTTGGATCCTAGGGGAC,1e-05,2005
144,GTCCAAGTGCAAAAGTCTTGAAGCCACTGCTAGGGCAC,1e-05,2005
145,GGACAATGGCACACAGTGTGGTCAGGAACTAGGTGATA,1e-05,2005
146,TTCAGCGATGCACGCTTGTTTTAATGTTGCACCCATGTTA,0.002,1995
147,TACAGCGATTAACGCTTATTTTAGCGTTACACCCATGTTA,0.02,1995
148,GAGCCTGTTAGGAAGAGCTTACCCAAGAAGGGGTGGAGCCGCGACGTTAGTGTCCGGCGGCATTGGTCAAAGC,0.000485,1997
149,CGTCAATTTGTATTCAAGCGGCGACTGAAGGTTAAAGCTTACCCAAGAAGGTGCGGAACTGCCCGGCCATCTCA,0.000107,1997
150,CGCTACAGTTAAGGGAACCAAGGCGGGTGTCCGGTAGAGCTTACCCAAGCAGGGGCGTGACGTCTTGTGGTGT,0.000141,1997
151,TTTTGTCAGCGACTCGAAATAGTGTGTTGAAGCAGCTCTA,0.15,2000
152,TAGTTCTACCAGCGGTTCGAAATAGTGAAGTGTTCGTGA,0.15,2005
153,CAAAGATGCCAGCATGCTATTCTCCGAGCCGGTCGAAATA,0.02,2000
154,TTTACCCAAGAAGGGGTGCGTACTATGCTACCTTATTAACG,0.003,1997
155,TTGACCCAAGAAGGGGTGACTACTTTGCTACGTTATTCCAC,0.007,1997
156,AAAGGGCGGGCAAACTCTGG,0.01,2018
157,AGTCGGCCCCAGCTGGTTCGC,0.004500000000000001,2018
158,GGGTCTCCAGCTGGACGTTA,0.004333333333333333,2018
159,AGGATTGGTTCTGGGTGGGTAGGAAGTTAGTGTGAGCCG,0.0015,1998
160,TTGATCGGGGCTGTGCGGGTAGGAAGTAATAGTGAG,0.2,1998
161,TGTATGCTAGCTCGGGGAGAAACATCTTTGCGGGATAAGGCCGCCGATAGAGCGGAAGCGACTTGGTTGT,1.1,2003
162,TGAATAGGGTCTCGGGCATAAATTACGGAAACGGTTTTAATTTTCTAGTGGAAAGGTCCGATAACGAGGT,0.72,2003
163,ATCGGACAAGGGAGGCACTGGAGGTTGAGGTAGTGAGCGTTGGTTAACGCCGGACAAAGGGAAGCATGGT,0.25,2003
164,GTGGAACCCATGATGAGCCGAGTTGGGGTGTGTCTCTCGTATATGGCGGAAGTGGGACAATAGTTGAGT,1.3,2003
165,TTACAAACCCCAAACCTTCTCTT,0.012,2016
166,GGGTTCGGTGGAGCGGCGCGA,0.0011,2020
167,TGGTCTCGCGGTTCCTGGTTA,0.0066,2020
168,CCTGCAAGGAGGTTTACCGGG,0.0065,2020
169,GGGAAGCCAGTGGTACGTT,0.0086,2020
170,CGCTAGATACGTGAATGTGTTTGACAGAGCCGGTCATCAA,0.001833333333333333,2013
171,CGATAGATAACGGGGTGGATTTGCAACCGCAGTACATATA,0.023,2013
172,GGCTAGAGAAGCGAGTGTGTTTGCTACAACGGGCCGTTAA,0.00045,2013
173,CGATAGATACGTAGGAGCGTTAGCTATAGCCGTACATAGA,0.001666666666666667,2013
174,GGCCATATAACTCGGAGAGTTTCCTAGAGCTGTGCGTGAA,0.0009166666666666666,2013
175,GGCTAGGGAAGCGGCTACGTACACCTCAGCGGGCACATAA,0.003166666666666667,2013
176,GGCTAGAGAAGCGGATGAGTTTCCTATAGATATCCGGCCA,0.006333333333333333,2013
177,CGCTAGATAAGTGGGCGCGTTTGCTGTAGTTGTCCTACGA,0.002,2013
178,CGCTAGATAAGTGGATGCGTTTGCTGTAGTTGTCCTTCAA,0.0003,2013
179,CGCCAGATAAGTGGAGGCTTTTGCTAGAGTTGTCCTTTAA,0.00085,2013
180,CCCTATACAAGTGGGAGGATTAGCCATAGGCGTGGGGCAA,0.00145,2013
181,GGCTAGAATAGTGGGGGCGATTGATCTAGGGGGCGCTTAA,0.002,2013
182,CCCTAGATAAGGGGGTGCGTATTCTTTGGGTGCCCCGAAA,0.0005333333333333334,2013
183,AGGCAGAAAAGTGGGTACTCTTGTTAGAGCTCTACATATA,0.0003666666666666667,2013
184,GGAGAGCTCGTGTGTGAGAGCATTAAGTGAACTGACTGGT,0.01366666666666667,2013
185,TACGGACGGGGCGTAGCGGATTGAACTGCAGAGCAGAGTG,0.001666666666666667,2013
186,GGGGCAGTAGGAGGTTAGGCCAGGGAGAGAGGAAGGTAGG,0.01983333333333333,2013
187,GCCAGCGATCAAAGACGGCGAGTTGTACCCATAGGTGTCT,0.01183333333333333,2013
188,GAGAGTGTACGGTTACGCACTAGCTAACAGGAGTTCGTGC,0.0025,2013
189,CCGGGCTGCGAAGTTGGCGATAAGCTACCGTAGGACGCTT,0.001016666666666667,2013
190,GGAGACAGGTTCCGGATGCATG,1e-05,2013
191,GGAGATAGGTTCCAGCTGATTG,1e-05,2013
192,GGACCGATGGAGTGAACTATGC,1e-05,2013
193,ACGGACAGTTTCCGGAGCCGTG,1e-05,2013
194,GGTACGGGGCGTGCGGAGGCAC,1e-05,2013
195,GGTTCGGGGTATGCGGAGGCAT,1e-05,2013
196,GGACCGATGGAGTGAACTATGC,1e-05,2013
197,GGACCATGTTGGAGCGGCCCAG,1e-05,2013
198,GGACCATGGGGGAGCGGCCCGC,1e-05,2013
199,GGAGGATCGGACAGCGTTATCG,1e-05,2013
200,GGAGCGACACACAGACCTGTTC,1e-05,2013
201,GGAGGATCGTACAGCGTTATCG,1e-05,2013
202,TAGGTGATTTCCACGATTATGCGGAAACAGGGCAGCGT,0.41,2016
203,TGTAGCCTTCTGAAGGTTGGCTGGTTCGGCGAGGTGGGAA,1e-05,2008
204,CTAACCATTATCCTCGATTGTTAGAGCGAACAGCTGCAACGGGTTGATTATAGTGAG,1e-05,2006
205,TTTGTGGAGGTAAGCTCTG,1e-05,2003
206,CCCGTACGCTGCCATGGCGCCATTCTGGCACGTAGTGTTG,1e-05,2005
207,GCAGTGCTAATGAGGTATCGCAAATAAGTGCGCAGCCGAA,1e-05,2005
208,TTCGGTGGAGGTAAGCTCTG,1e-05,2003
209,TTCTGCGCAGGTAAGCTGTA,1e-05,2003
210,ACGGGGCCGGTTTGCGTGCCTGATTGGGAGGTTAGCTCTA,1e-05,2004
211,CTTTACGGTAGGGTGCCTGTGATAATGATCAGGGGACGGC,1e-05,2003
212,TGCGTTCTGATGAATTGCACATAGCTTATAGTTCCTTGCT,1e-05,2003
213,GGGATGTGGGGCGCCACCAAGTTAATGTTTGGTTTGGGGA,1e-05,2003
214,GTAGGGTTGGTAGACCAGGTTGAGCCGGCGTCCTTGTTTA,1e-05,2005
215,TACAAGGTGGGAGGAGGGAGCACCGATGCGGCATATCGTG,1e-05,2008
216,CCGCTCCGATTGGTGGAGTCTATTGGGGCCTGTAGGCGAG,1e-05,2005
217,GGGGAAGACAAGATAGTCGAGGGGGACGCGCTCTCAGCCT,1e-05,2008
218,CAGCGCGATTGAGTGCGTGATTGAAGCTCGGGGTTGGTTA,1e-05,2005
219,CACGCTGACTAGCTTCGTGAGGGGGTGTGATAGATGCGG,1e-05,2005
220,TGCACGGGGGGTGAGGTTTCCGCCGTTGAAACGTAGCACG,1e-05,2005
221,GACGCCACCGAAGTCGCCATCTCCCGTAGGTGAAGGGCGTGAGGGTTCCA,1e-05,2011
222,CAGTGCAGGGCGTGAGGGCTCCATCCCCAGTGCAGGGCGTGAGGGCTCGG,1e-05,2011
223,CTACCCATTATTCACGAATGATAGCACGAATAGTGTGAACGGGTTGATTATAGTGAC,1e-05,2006
224,CCTGTGGCAAAGGGCGTGAGGGTACTGTTCC,1e-05,2006
225,CATTATGCCCAGGGCGTGAGGGTGCGGTTCC,1e-05,2006
226,AGGGACAAACCATAAGTCGCATCGGGTGGAACGTAGACC,1e-05,2005
227,TCACACATCTCTGAAGTAGCGCCGCCGTATGTGACGCTAGGGGTTCGCCT,1.4,1994
228,TAGCAGGGGGGGAAAAAAGTCTATCGCGTAATAGATACGACGACTGTCTGAGATTAGCCAAGAAGCTGTGGTC,0.000214,1997
229,CAGCTATATGTGCTGGACTGAGAGGGGTAGTTTCGCAGTGAGGTGTAGG,1e-05,2008
230,CTACCCTCAAGCGACTTCTCTCG,0.036,2016
231,GGGTCTCCAGCCGGACGTTA,0.018,2020
232,GGCTAGAGCAGCGGGTGTGTTTGCTATACCCGGCCCTATA,0.008833333333333334,2013
233,CGCCAGATAAGTGGAGACTTTTGCTATAGTTGTCCTTGTA,0.001183333333333333,2013
234,CGCCCGTTGGCAGGGTGCGCTTGTTATCGTTGTCCTGCAG,0.0004333333333333333,2013
235,GGATCATACGGTCGGAGGGGTTTGCCGTGAACATTCTTCA,1e-05,2005
236,TACAAGGAACGGTTATAGTGAAAGGAAACTCG,0.12,2014
237,TACAAGCCCCCCCCCCCCCCGGTTA,1e-05,2014
238,CAGGTCAAAGGTGGGTGAGGGGACGCCAAGAGTCCCCGCGGTTACGTGA,0.1,2015
239,AAATCCAGGGTTGGCCGACA,0.03,2008
240,CAGGTAGGGGTCCCGGTCA,0.09,2008
241,GGGTTCATCAAGGGGTATGG,0.05,2008
242,TACTGCTTTACTGGCGGCCA,0.12,2008
243,CAGGTCAAAGGTGGGTGAGGGGACGCCAAGAGTCCCCGCGGT,0.1,2015
244,GGACAAGAGAAAGAGGTTGA,0.05,2008
245,TTGGGGGGGAGAGGTGGGGA,0.04,2008
246,AGTATATCAAGTGAATGGCA,0.1,2008
247,CACGTCCATCTCTGCAGTCGGGTAGTTAAACCGACCTTCAGACATAGTGAGT,1.0,2007
248,CATTTCTCGCTTTGCTGGATGTTACTTTT,0.015,2019
249,ATGATGCAGCGCATGTGTC,0.06,2013
250,TGCAGCGTTAGTGTGGGTACGCGT,1e-05,2013
251,TGCAGCGCTAGTGTGAGGCATGCTT,0.0154,2013
252,GCTAAGTCCGCCGATTGGTGG,0.00802,2013
253,AGTTATAGTGGTAAGCGGTTG,0.0147,2013
254,GCACGTACCGGGTTTTTGT,0.0167,2013
255,TTGATGCAGCGCATGTGTC,0.0331,2013
256,CGGGGTTTGGGATGAAGGGG,0.009,2008
257,GCTAAGTTCGCCATTTGGTGG,0.00797,2013
258,AGTTACAGTGGTAGCGGTG,0.00734,2013
259,ATGCCAGCGGCAGTGTCGCTCGCTT,1e-05,2013
260,TTACAGTGGTAGCGGTTG,0.00706,2018
261,TACCGCAGCGTGATTAGTGTC,0.00831,2013
262,GGCAGCTCGGCCCCGTTTGCG,0.00544,2013
263,TGCAGCACTAGTGTCTGGCATGTTG,1e-05,2013
264,GGTTTGCAGCGCGTAGTGTC,0.00914,2013
265,TCATGTAGTACGTAGTGTCGCC,0.00582,2013
266,GCTAAGTTTGCGTGTGGGTTC,1e-05,2013
267,AGTTATAGTGGTAGCGGTTG,0.011,2013
268,TGCAGCGCTAGTGTGAGGCACGTGT,0.0213,2013
269,CGCAGCGCTAGTGTGAGGCTTC,0.00373,2013
270,TGCAGCGCTAGTGTGAGGCATGTGT,0.00125,2013
271,TGCAGCGCTAGTGTGGGCTCGTT,0.00648,2013
272,TGCAGCGCTAGTGTGCGGCACGCGC,0.00106,2013
273,TGCAGCGCTAGTGTGGGTCGTA,0.0021,2013
274,AGTTACAGTGGTAGCGGTTG,0.00257,2013
275,TAGGGTGGGGTTAGAGTGGA,0.04,2008
276,TGCAGCGCTAGTGTGAGGCATTGT,0.00903,2013
277,CTGCGTGTGTCTTGTGTGCG,1e-05,2009
278,CTAGCAGCGCCAGTGAGGCTCGCGTT,0.039,2009
279,GAGAGTGTACTGTGGGTGTA,0.0047,2009
280,TTGTTGCATCGCATGTGATG,1e-05,2009
281,GGTGAGTGTGGACGGTGTTT,1e-05,2009
282,CCGTGTGTGTGTCGTGTGTA,1e-05,2009
283,GAGAGTGTATCGTGGTGGGTC,0.006,2009
284,GAGAGTGTACCATGTGTGTA,0.011,2009
285,ATGGAGCGCTAGTGATGTTTC,1e-05,2009
286,TTGCCAGCGGTAGTGTCGCTCGCT,0.0022,2009
287,TTGCCAGCGGCAGTGAGGCTTC,0.034,2009
288,TCGCCAGCGGCAGTGAGGTTCGCA,0.04,2009
289,TTCCCAGCGGGAGTGTCGCC,0.012,2009
290,GGATTGCAGTAGGTTGTGCCG,1e-05,2009
291,GTGTTTGCTTGGCTATGGCTC,0.0014,2009
292,CCATACAGCGCTAGTGTC,1e-05,2009
293,ACGCATCGTTAGTGAGGGTGC,1e-05,2009
294,TGGTGTGTCTGGGTGGGGTGT,1e-05,2009
295,GGCACAGGGGGAGTGGTGTTG,1e-05,2009
296,TTGCCAGCGGCAGTGAGTGCAC,0.025,2009
297,TGTGCACAGTGGTTCGGTG,1e-05,2009
298,AAGCAGCGTTAGTGAGGCGC,0.018,2009
299,GCCTACTAGCGGGAGTGAG,1e-05,2009
300,GAGAGTGTTTGATGGGTGTG,0.0029,2009
301,GAGAGTGTTTTATGGGTGTC,1e-05,2009
302,TTAGCAGCGCATGTGGTGGCTTG,0.0076,2009
303,CAGTGTGTCACAGCGGTGTA,1e-05,2009
304,TGGAGTGGACTATGTGGGTA,1e-05,2009
305,TGTCGCGTACGGTTGGTGTTG,1e-05,2009
306,TGAGAGCTTCGTACGGGAGGT,0.0036,2009
307,GCACGTATCGGGTTTTGTT,0.037,2009
308,TCATGCAGCGCGTAGTGTC,0.1369,2009
309,TTAGCAGTGCATGTGATGGCTGC,1e-05,2009
310,GTGAGTGTACTATGTTGTGTC,0.002,2009
311,CGAGTAAATCAATGACCTTCATCTCCCTAAACACAC,0.0201,2005
312,CACTCCAACGGGGATTATGACATAGTCCCACTATGGTGAGTGCG,0.0106,2005
313,AAATCGACCAATGCCATTAAGCTCCTATGTGTTCTTACTAGTGAC,0.016,2005
314,TAGGGATAGGGGATAGGGGG,0.007,2008
315,CCAATTACGGAATAAGTGAAATGTCTTAGACCTACTATTGTGACG,0.0141,2005
316,AAGTCCAACCATCCTCAATAGTGCGGGATTAGGGCACCGTGTGAC,0.0125,2005
317,GTGCGACAACTCGAGACGCTTTATGCTGTTTAAATTTTCCGTGAC,0.0172,2005
318,CGCATGTATCCCAGAGACTTACTGGCCTGATGCTAGCGGTGTGAC,0.0136,2005
319,TACAGATAGATCAAGACGTCTGGTAGCCTTGCTGTTGGATGGTAC,0.0243,2005
320,GCACGTCGTTTCTATTTAGGAAAGAATTAACCTAGGCCTGGTACG,0.0148,2005
321,AAGTAATAAATCGACGACAGATTGGTTTTTTATACCCACGGTACG,0.0483,2005
322,CCGACTGGAACCATTGGTACCCTTTAGCAAGGAGCATAATGTGAC,0.0117,2005
323,TCTGGTTGCTGATTCGTATGATTGTCTTAACTACAGGAGCGTGAC,0.0103,2005
324,GAACAATGCTCATGGTTTGATGACTGTTGATTGTGCGCTTGTACG,0.019,2005
325,TGCTTCGCAGTAGGCCAATTATCTCATTCTACCTGCTTGTCGTGA,0.0195,2005
326,CTACCTCCACATTGAGCCGAATTGTCGCCTATTGATACGGGTACG,0.0181,2005
327,GATAAAGGTGATTTTAGACTACACTGAGTTAGCTAATCTCGTGAC,0.0159,2005
328,GGGTGGATGGCGAGTGGCAG,0.15,2008
329,ATTAGCGTACACATTTCATCTTACGACCCTTGTTTACCCCGTACG,0.0162,2005
330,GGGCCACATAACTGATCCTTAAGGCCTATGAGATTGTTGTGACG,0.0165,2005
331,CGAAGTACGTTTGTCGTTTGTTAGTTAACGAACGGGGCTGGTGAC,0.0161,2005
332,GGGACCGTAGACCACGTGCGGAAGGTGGTCACGGCTTGCTGTACG,0.009290000000000001,2005
333,GCGGGCCCCAATTCATTGGCTTAACTACGAGGACGTCCAG,1e-05,2020
334,GTACGGACGTCAGTCACGAGGCAGCTGCTTTGCCAAACTG,1e-05,2020
335,ACCGTCACAAAAGACTGTAGTTAATACCACTGCAGGTCGT,1e-05,2020
336,GCACAGGGGTATAATTGCCTCGTACAACTTTATGTCCGAA,1e-05,2020
337,TTTCGCCATCTTTGAGGTGATTTCCTTTTGGAAATGAAATAACGTATAGTGACTCGTGAC,1e-05,2018
338,TTTCGCCATCTTTGAGGTGATTTCCTTTTGGAAATGAAGTAACATATAGTGACTCGTGAC,1e-05,2018
339,TTTCGCCATCTTTAGGCGTTTCCTTTTGGAAACGGGGCAGCGTATAGTGACTCGTGAC,0.8,2018
340,TTTCGCCATCTTTAGGTTTCCTTTTGGAAAGGGCAGCGTATAGTGACTCGTGAC,0.58,2018
341,TTTCGCCATCTTTAGGCGTCTTTTGACGGGGCAGCGTATAGTGACTCGTGAC,0.54,2018
342,TTTCGCCATCTTTAGGCGTTAACGGGGCAGCGTATAGTGACTCGTGAC,0.34,2018
343,GACGCATATCGTTTTCGATAGCACGTGT,0.012,2016
344,GACGCATAGCACGTGT,1e-05,2016
345,AGGTCAAAGGTGGGTGCGAGTTTTTACTCGTT,0.25,2014
346,CGATACTCTCTTTGACGTTCGTATAAACGAGACAA,1.6,2015
347,TCTCTTTCTGCGGAGGAGGTAGGGGTTCCGCTCCAAGGGC,1.7,2001
348,TAATACGGGAGGTTCACTATATGAAATAACAAGACCCGAACAAGGTTGA,1e-05,2016
349,AATACGAGTCACTATAGGAAGATGGCGAAACATCTTTA,1e-05,2015
350,TATTGCGTAAAGCATCAGTTTTCTGATACAAGG,0.6,2016
351,TTTCGCCATCTTTTCTCACACCGTACTCGGTAAGGTTGTTAGTGACTCGTGAC,0.03333333333333333,2015
352,CACCAGGAAATAGAGACAAATTAGCAGGTATTGTAACTGGTTAGAACGAT,0.1,2016
353,TCGTGGGACAATCACACTTGATCATGTCATGTTCCTGTGTACCACTGAAATAGTG,0.093,2016
354,CAAGAAGAGGACCAGATAGTGAGGT,0.0105,2020
355,GCTCTTAGGAGGTAGGGGTTCCGATCCAGGTGGCTGGGTA,0.44,2001
356,CAAATTGATCGGTGGGGAGCAACTGAAAGGCGGTTGCAATGCGGATGGATGGTACGGTC,0.34,2010
357,CCATTCTCCTCTGCTGGACTATTCGGGTCTTTGTTCTCTCATGGTTGTGT,0.07,2004
358,TCTTCGATAGTTAAAATAGTGACTTCTATATTAAGTCGCCTCATTGTTGA,0.12,2015
359,CAAAGATGCCAGCATGCTATTCTCCGAGCCGGTCGAAATA,0.38,2000
360,TTACAGTGGTATCGATTGGGACGTGTGGAGCGTCAGGATGGTACA,0.43,2018
361,TGTCTCTGACCTCTAGAGTGGAGCAAATCGTAAGGATCCAGTGGACGAAA,0.0033,2020
362,GAGTAATAGTCAAGATATAACCAGACAAATCCTTCTGCACGGAGGACAAA,0.044,2020
363,GATGAGAGGACCAATCACACAAATATGTGAGGTGCTGGACTCCAGCGGGA,0.04,2020
364,ACGGAACCAGAGGACGAAATAGATGACTTGAAAATCCAATAACGTATCCA,0.0021,2020
365,GTTGCGGGTCCAGGAAATTATAAAGCCTCTCGGGTTTTTTCGCACGGATTCGGTAA,0.27,2006
366,GTCCCGGTCGCGAGGGCGTCTCTGCAATAAGCTGTGAAGCCGCACGGAGTTCGGTAA,0.28,2006
367,ATCCATGATGACGACTCCATTGGAGTCGGGAAGTTGGAAATGCCGAATGCGGTAA,0.18,2006
368,GGAACCAAATATTGTAAATATTCATGGCTGGCGGGAGGATGCACGGAGTTCGGTAA,0.33,2006
369,AGAAGTGCACTTTGATTAAGTGCAGCCTGGTGAATAGTTCGCATGGAGTTCGGTAA,0.076,2006
370,GCTAAGGGGGTCAGACGCAAAGTCGAGTTGCATAACTCCAGGCACGGAATGCGGTAA,0.14,2006
371,TTGTATTAGCTACACTGTTAGTGCATCGTTTTTAATCTCG,0.175,2002
372,TTTCGCCATCTTTAGGAATATCTATTCCACGGCTCACGAAATAGTGACTCGTGAC,0.16,2016
373,TCTCTTTCTGCAGAGGAGGTAGGGGTTCCGCTCCAAGGGC,1.37,2001
374,GGCAGCGAATAGAGGAGGTAGGGGTTCCGCTCCAAGGGC,0.9,2001
375,GTGCTTGCGACGAGGTAGGGGTTCCGATCCAATGGGCTG,0.56,2001
376,AGTTGGCGAAGATCGGTAGTACGAGGAAATAGGGGGTGAGTGGTGTAGGCTTGAAGGTGCCACGTCGAG,0.023,2003
377,GTTGTCATTGGCACACGGAGGTTTACTGAGTGGTAACCACGTTGCATGGAA,2.1,2003
378,GTTCCGGGTCGAGGGATGTTGCATCCGA,0.47,2006
379,GTTCCGGTCTCGAGGGCGTAGCCA,1.6,2006
380,CATTATGATCCGTAGGAGGAAGAG,1.0,2006
381,GTCTGTAAGACCAAGGCTGGCGGGAGGAT,0.46,2006
382,GAGAAGCGCGAAGCGGCCTGGTGAAAAGTTC,0.24,2006
383,TAAGGGGTCAGCTGAAACAGCGAGTTTAACAAATCCAG,0.17,2006
384,AGCACGCATGACTTTGATGCCACGTAAAGTGAAAGAGCTGTTGATCTGTCAGCGACACGAAATGGTGATGCCCT,0.05461661541,1996
385,AGCACGCATGACTTTGATGCCACGTAAAGTGAAAGAGCTGTTGATCTGTCAGCGACACGAAATGGTGATGCCCT,0.07379818219,1996
386,AGCACGCATGACTTTGATGCCACGTAAAGTGAAAGAGCTGTTGATCTGTCAGCGACACGAAATGGTGATGCCCT,0.07962889698,1996
387,AGCACGCATGACTTTGATGCCACGTAAAGTGAAAGAGCTGTTGATCTGTCAGCGACACGAAATGGTGATGCCCT,0.0807084057,1996
388,AGCACGCATGACTTTGATGCCACGTAAAGTGAAAGAGCTGTTGATCTGTCAGCGACACGAAATGGTGATGCCCT,0.1146449004,1996
389,AGCACGCATGACTTTGATGCCACGTAAAGTGAAAGAGCTGTTGATCTGTCAGCGACACGAAATGGTGATGCCCT,0.1216551165,1996
390,AGCACGCATGACTTTGATGCCACGTAAAGTGAAAGAGCTGTTGATCTGTCAGCGACACGAAATGGTGATGCCCT,0.1285506737,1996
391,AGCACGCATGACTTTGATGCCACGTAAAGTGAAAGAGCTGTTGATCTGTCAGCGACACGAAATGGTGATGCCCT,0.1276134761,1996
392,AGCACGCATGACTTTGATGCCACGTAAAGTGAAAGAGCTGTTGATCTGTCAGCGACACGAAATGGTGATGCCCT,0.1382639937,1996
393,AGCACGCATGACTTTGATGCCACGTAAAGTGAAAGAGCTGTTGATCTGTCAGCGACACGAAATGGTGATGCCCT,0.143686085,1996
394,AGCACGCATGACTTTGATGCCACGTAAAGTGAAAGAGCTGTTGATCTGTCAGCGACACGAAATGGTGATGCCCT,0.1556898758,1996
395,AGCACGCATGACTTTGATGCCACGTAAAGTGAAAGAGCTGTTGATCTGTCAGCGACACGAAATGGTGATGCCCT,0.157140386,1996
396,AGCACGCATGACTTTGATGCCACGTAAAGTGAAAGAGCTGTTGATCTGTCAGCGACACGAAATGGTGATGCCCT,0.1695515706,1996
397,AGCACGCATGACTTTGATGCCACGTAAAGTGAAAGAGCTGTTGATCTGTCAGCGACACGAAATGGTGATGCCCT,0.1542096509,1996
398,AGCACGCATGACTTTGATGCCACGTAAAGTGAAAGAGCTGTTGATCTGTCAGCGACACGAAATGGTGATGCCCT,0.03800741203,1996
399,AGCACGCATGACTTTGATGCCACGTAAAGTGAAAGAGCTGTTGATCTGTCAGCGACACGAAATGGTGATGCCCT,0.0418736954,1996
400,AGCACGCATGACTTTGATGCCACGTAAAGTGAAAGAGCTGTTGATCTGTCAGCGACACGAAATGGTGATGCCCT,0.0465169674,1996
401,AGCACGCATGACTTTGATGCCACGTAAAGTGAAAGAGCTGTTGATCTGTCAGCGACACGAAATGGTGATGCCCT,0.06239567057,1996
402,AGCACGCATGACTTTGATGCCACGTAAAGTGAAAGAGCTGTTGATCTGTCAGCGACACGAAATGGTGATGCCCT,0.06960399254,1996
403,AGCACGCATGACTTTGATGCCACGTAAAGTGAAAGAGCTGTTGATCTGTCAGCGACACGAAATGGTGATGCCCT,0.07961069093,1996
404,AGCACGCATGACTTTGATGCCACGTAAAGTGAAAGAGCTGTTGATCTGTCAGCGACACGAAATGGTGATGCCCT,0.0787016765,1996
405,AGCACGCATGACTTTGATGCCACGTAAAGTGAAAGAGCTGTTGATCTGTCAGCGACACGAAATGGTGATGCCCT,0.09542353453,1996
406,AGCACGCATGACTTTGATGCCACGTAAAGTGAAAGAGCTGTTGATCTGTCAGCGACACGAAATGGTGATGCCCT,0.09793622829,1996
407,AGCACGCATGACTTTGATGCCACGTAAAGTGAAAGAGCTGTTGATCTGTCAGCGACACGAAATGGTGATGCCCT,0.114377238,1996
408,AGCACGCATGACTTTGATGCCACGTAAAGTGAAAGAGCTGTTGATCTGTCAGCGACACGAAATGGTGATGCCCT,0.1130712506,1996
409,AGCACGCATGACTTTGATGCCACGTAAAGTGAAAGAGCTGTTGATCTGTCAGCGACACGAAATGGTGATGCCCT,0.1179960314,1996
410,AGCACGCATGACTTTGATGCCACGTAAAGTGAAAGAGCTGTTGATCTGTCAGCGACACGAAATGGTGATGCCCT,0.1196017509,1996
411,AGCACGCATGACTTTGATGCCACGTAAAGTGAAAGAGCTGTTGATCTGTCAGCGACACGAAATGGTGATGCCCT,0.0004939726,1996
412,AGCACGCATGACTTTGATGCCACGTAAAGTGAAAGAGCTGTTGATCTGTCAGCGACACGAAATGGTGATGCCCT,0.0015608132,1996
413,AGCACGCATGACTTTGATGCCACGTAAAGTGAAAGAGCTGTTGATCTGTCAGCGACACGAAATGGTGATGCCCT,0.001876019,1996
414,AGCACGCATGACTTTGATGCCACGTAAAGTGAAAGAGCTGTTGATCTGTCAGCGACACGAAATGGTGATGCCCT,0.0030389973,1996
415,AGCACGCATGACTTTGATGCCACGTAAAGTGAAAGAGCTGTTGATCTGTCAGCGACACGAAATGGTGATGCCCT,0.0092274079,1996
416,AGCACGCATGACTTTGATGCCACGTAAAGTGAAAGAGCTGTTGATCTGTCAGCGACACGAAATGGTGATGCCCT,0.0124054711,1996
417,AGCACGCATGACTTTGATGCCACGTAAAGTGAAAGAGCTGTTGATCTGTCAGCGACACGAAATGGTGATGCCCT,0.014586827,1996
418,AGCACGCATGACTTTGATGCCACGTAAAGTGAAAGAGCTGTTGATCTGTCAGCGACACGAAATGGTGATGCCCT,0.0152614989,1996
419,AGCACGCATGACTTTGATGCCACGTAAAGTGAAAGAGCTGTTGATCTGTCAGCGACACGAAATGGTGATGCCCT,0.0002123887,1996
420,AGCACGCATGACTTTGATGCCACGTAAAGTGAAAGAGCTGTTGATCTGTCAGCGACACGAAATGGTGATGCCCT,0.0006848035,1996
421,AGCACGCATGACTTTGATGCCACGTAAAGTGAAAGAGCTGTTGATCTGTCAGCGACACGAAATGGTGATGCCCT,0.0028863852,1996
422,AGCACGCATGACTTTGATGCCACGTAAAGTGAAAGAGCTGTTGATCTGTCAGCGACACGAAATGGTGATGCCCT,0.0038991154,1996
423,AGCACGCATGACTTTGATGCCACGTAAAGTGAAAGAGCTGTTGATCTGTCAGCGACACGAAATGGTGATGCCCT,0.0051067478,1996
424,AGCACGCATGACTTTGATGCCACGTAAAGTGAAAGAGCTGTTGATCTGTCAGCGACACGAAATGGTGATGCCCT,0.0065038979,1996
425,TCCGAGCCGGTCGAA,0.4576562334,2000
426,TCCGAGCCGGTCGAA,0.5733977979,2000
427,TCCGAGCCGGTCGAA,0.6246760253,2000
428,TCCGAGCCGGTCGAA,0.7731778077,2000
429,TCCGAGCCGGTCGAA,0.8219447467,2000
430,TCCGAGCCGGTCGAA,1.06215672,2000
431,TCCGAGCCGGTCGAA,1.236439383,2000
432,TCCGAGCCGGTCGAA,1.607242336,2000
433,TCCGAGCCGGTCGAA,2.01431066,2000
434,TCCGAGCCGGTCGAA,0.4159704461,2000
435,TCCGAGCCGGTCGAA,0.6450033153,2000
436,TCCGAGCCGGTCGAA,0.8906412807,2000
437,TCCGAGCCGGTCGAA,1.0812636166,2000
438,TCCGAGCCGGTCGAA,1.1477218907,2000
439,TCCGAGCCGGTCGAA,1.2076347447,2000
440,TCCGAGCCGGTCGAA,1.238135834,2000
441,CATTTCTCGCTTTGCTGGATGTTACTTTT,0.03045492846,2019
442,CATTTCTCGCTTTGCTGGATGTTACTTTT,0.04650952934,2019
443,CATTTCTCGCTTTGCTGGATGTTACTTTT,0.07766691774,2019
444,CATTTCTCGCTTTGCTGGATGTTACTTTT,0.1186119181,2019
445,TTTCGCCAGAAGCATAGTGACTCGTGAC,0.009338557917,2015
446,TTTCGCCAGAAGCATAGTGACTCGTGAC,0.01247563987,2015
447,TTTCGCCAGAAGCATAGTGACTCGTGAC,0.0147927612,2015
448,TTTCGCCAGAAGCATAGTGACTCGTGAC,0.01590953267,2015
449,TTTCGCCAGAAGCATAGTGACTCGTGAC,0.01839331964,2015
450,TTTCGCCAGAAGCATAGTGACTCGTGAC,0.02065817371,2015
451,TTTCGCCAGAAGCATAGTGACTCGTGAC,0.02059376991,2015
452,TTTCGCCAGAAGCATAGTGACTCGTGAC,0.02577938323,2015
453,TTTCGCCAGAAGCATAGTGACTCGTGAC,0.02823034903,2015
454,TTTCGCCAGAAGCATAGTGACTCGTGAC,0.02570494873,2015
455,TTTCGCCAGAAGCATAGTGACTCGTGAC,0.02646544483,2015
456,TTTCGCCAGAAGCATAGTGACTCGTGAC,0.00841939734,2015
457,TTTCGCCAGAAGCATAGTGACTCGTGAC,0.00731602786,2015
458,TTTCGCCAGAAGCATAGTGACTCGTGAC,0.0002645502646,2015
459,TTTCGCCAGAAGCATAGTGACTCGTGAC,0.003791887125,2015
460,TTTCGCCAGAAGCATAGTGACTCGTGAC,0.005555555556,2015
461,TTTCGCCAGAAGCATAGTGACTCGTGAC,0.01402116402,2015
462,TTTCGCCAGAAGCATAGTGACTCGTGAC,0.02689594356,2015
463,TTTCGCCAGAAGCATAGTGACTCGTGAC,0.02883597884,2015
464,TTTCGCCAGAAGCATAGTGACTCGTGAC,0.05952380952,2015
465,TTTCGCCAGAAGCATAGTGACTCGTGAC,0.0537037037,2015
466,TTTCGCCAGAAGCATAGTGACTCGTGAC,0.05793650794,2015
467,TCCGAGCCGGACGA,0.5,1997
468,TCCGAGCCGGACGA,0.8720930233,1997
469,TCCGAGCCGGACGA,1.2906976744,1997
470,TCCGAGCCGGACGA,2.1744186047,1997
471,TCCGAGCCGGACGA,3.0,1997
472,TCCGAGCCGGACGA,3.2093023256,1997
473,TCCGAGCCGGACGA,3.9651162791,1997
474,CAGGTCAAAGGTGGGTGAGGGGACGCCAAGAGTCCCCGCGGTTACGTGA,0.02,2015
475,CAGGTCAAAGGTGGGTGAGGGGACGCCAAGAGTCCCCGCGGTTACGTGA,0.04,2015
476,CAGGTCAAAGGTGGGTGAGGGGACGCCAAGAGTCCCCGCGGTTACGTGA,0.05,2015
477,CAGGTCAAAGGTGGGTGAGGGGACGCCAAGAGTCCCCGCGGTTACGTGA,0.07,2015
478,CAGGTCAAAGGTGGGTGAGGGGACGCCAAGAGTCCCCGCGGTTACGTGA,0.11,2015
479,TTTACCCAAGAAGGGGTGCGTACTATGCTACCTTATTAACG,0.00044915854,1997
480,TTTACCCAAGAAGGGGTGCGTACTATGCTACCTTATTAACG,0.00162330536,1997
481,TTTACCCAAGAAGGGGTGCGTACTATGCTACCTTATTAACG,0.00393556007,1997
482,TTTACCCAAGAAGGGGTGCGTACTATGCTACCTTATTAACG,0.00406813482,1997
483,TTTACCCAAGAAGGGGTGCGTACTATGCTACCTTATTAACG,0.00202091931,1997
484,TTTACCCAAGAAGGGGTGCGTACTATGCTACCTTATTAACG,0.0782,1997
485,TTTACCCAAGAAGGGGTGCGTACTATGCTACCTTATTAACG,0.08014752707,1997
486,TTTACCCAAGAAGGGGTGCGTACTATGCTACCTTATTAACG,0.08450480126,1997
487,TTTACCCAAGAAGGGGTGCGTACTATGCTACCTTATTAACG,0.08691900564,1997
488,TTTACCCAAGAAGGGGTGCGTACTATGCTACCTTATTAACG,0.08536733808,1997
489,TTTACCCAAGAAGGGGTGCGTACTATGCTACCTTATTAACG,0.08810215337,1997
490,TTTACCCAAGAAGGGGTGCGTACTATGCTACCTTATTAACG,0.08869667808,1997
491,TTTACCCAAGAAGGGGTGCGTACTATGCTACCTTATTAACG,0.09213712198,1997
492,TTTACCCAAGAAGGGGTGCGTACTATGCTACCTTATTAACG,0.09275501641,1997
493,TTTACCCAAGAAGGGGTGCGTACTATGCTACCTTATTAACG,0.09185773903,1997
494,TTTACCCAAGAAGGGGTGCGTACTATGCTACCTTATTAACG,0.09371475728,1997
495,TTTACCCAAGAAGGGGTGCGTACTATGCTACCTTATTAACG,0.08775911614,1997
496,TTTACCCAAGAAGGGGTGCGTACTATGCTACCTTATTAACG,0.0017618355,1997
497,TTTACCCAAGAAGGGGTGCGTACTATGCTACCTTATTAACG,0.0029107584,1997
498,TTTACCCAAGAAGGGGTGCGTACTATGCTACCTTATTAACG,0.0031946447,1997
499,TTTACCCAAGAAGGGGTGCGTACTATGCTACCTTATTAACG,0.0032707991,1997
500,TTTACCCAAGAAGGGGTGCGTACTATGCTACCTTATTAACG,0.0029903197,1997
501,TTTACCCAAGAAGGGGTGCGTACTATGCTACCTTATTAACG,0.0016035439,1997
502,TTTACCCAAGAAGGGGTGCGTACTATGCTACCTTATTAACG,4.87131e-05,1997
503,TTTACCCAAGAAGGGGTGCGTACTATGCTACCTTATTAACG,3.30917e-05,1997
504,TACAGATAGATCAAGACGTCTGGTAGCCTTGCTGTTGGAT,0.000652519,2005
505,TACAGATAGATCAAGACGTCTGGTAGCCTTGCTGTTGGAT,0.001959059,2005
506,TACAGATAGATCAAGACGTCTGGTAGCCTTGCTGTTGGAT,0.002480688,2005
507,TACAGATAGATCAAGACGTCTGGTAGCCTTGCTGTTGGAT,0.008917904,2005
508,TACAGATAGATCAAGACGTCTGGTAGCCTTGCTGTTGGAT,0.014349841,2005
509,TACAGATAGATCAAGACGTCTGGTAGCCTTGCTGTTGGAT,0.017155394,2005
510,TACAGATAGATCAAGACGTCTGGTAGCCTTGCTGTTGGAT,0.017395288,2005
511,TACAGATAGATCAAGACGTCTGGTAGCCTTGCTGTTGGAT,0.018211312,2005
512,TACAGATAGATCAAGACGTCTGGTAGCCTTGCTGTTGGAT,0.001819016,2005
513,TACAGATAGATCAAGACGTCTGGTAGCCTTGCTGTTGGAT,0.002368333,2005
514,TACAGATAGATCAAGACGTCTGGTAGCCTTGCTGTTGGAT,0.004786854,2005
515,TACAGATAGATCAAGACGTCTGGTAGCCTTGCTGTTGGAT,0.007530577,2005
516,TACAGATAGATCAAGACGTCTGGTAGCCTTGCTGTTGGAT,0.022550962,2005
517,TACAGATAGATCAAGACGTCTGGTAGCCTTGCTGTTGGAT,0.029768376,2005
518,TATTGCGTAAAGCATCAGTTTTCTGATACAAGG,0.0,2016
519,TATTGCGTAAAGCATCAGTTTTCTGATACAAGG,0.01290123511,2016
520,TATTGCGTAAAGCATCAGTTTTCTGATACAAGG,0.09937495041,2016
521,TATTGCGTAAAGCATCAGTTTTCTGATACAAGG,0.30594810942,2016
522,TATTGCGTAAAGCATCAGTTTTCTGATACAAGG,0.4641112218,2016
523,TATTGCGTAAAGCATCAGTTTTCTGATACAAGG,0.59067979653,2016
524,TATTGCGTAAAGCATCAGTTTTCTGATACAAGG,0.67436591408,2016
525,TATTGCGTAAAGCATCAGTTTTCTGATACAAGG,0.4943445115,2016
526,TATTGCGTAAAGCATCAGTTTTCTGATACAAGG,0.5053964742,2016
527,TATTGCGTAAAGCATCAGTTTTCTGATACAAGG,0.5346565754,2016
528,TATTGCGTAAAGCATCAGTTTTCTGATACAAGG,0.5805852729,2016
529,TATTGCGTAAAGCATCAGTTTTCTGATACAAGG,0.5577080854,2016
530,TATTGCGTAAAGCATCAGTTTTCTGATACAAGG,0.6279299689,2016
531,TATTGCGTAAAGCATCAGTTTTCTGATACAAGG,0.6266690658,2016
532,TATTGCGTAAAGCATCAGTTTTCTGATACAAGG,0.6957157757,2016
533,TATTGCGTAAAGCATCAGTTTTCTGATACAAGG,0.6818711471,2016
534,TATTGCGTAAAGCATCAGTTTTCTGATACAAGG,0.7041571179,2016
535,TATTGCGTAAAGCATCAGTTTTCTGATACAAGG,0.7155717777,2016
536,TATTGCGTAAAGCATCAGTTTTCTGATACAAGG,0.8121743858,2016
537,TATTGCGTAAAGCATCAGTTTTCTGATACAAGG,0.8420976509,2016
538,TATTGCGTAAAGCATCAGTTTTCTGATACAAGG,0.9016601643,2016
539,TATTGCGTAAAGCATCAGTTTTCTGATACAAGG,0.9107677656,2016
540,TATTGCGTAAAGCATCAGTTTTCTGATACAAGG,0.8766404995,2016
541,TATTGCGTAAAGCATCAGTTTTCTGATACAAGG,0.5852721115,2016
542,TATTGCGTAAAGCATCAGTTTTCTGATACAAGG,0.6818711471,2016
543,TATTGCGTAAAGCATCAGTTTTCTGATACAAGG,0.6656207761,2016
544,TATTGCGTAAAGCATCAGTTTTCTGATACAAGG,0.6092799756,2016
545,TTTCGCCATCTTTTCTCACACCGTACTCGGTAAGGTTGTTAGTGACTCGTGAC,0.004102564103,2015
546,TTTCGCCATCTTTTCTCACACCGTACTCGGTAAGGTTGTTAGTGACTCGTGAC,0.009743589744,2015
547,TTTCGCCATCTTTTCTCACACCGTACTCGGTAAGGTTGTTAGTGACTCGTGAC,0.02435897436,2015
548,TTTCGCCATCTTTTCTCACACCGTACTCGGTAAGGTTGTTAGTGACTCGTGAC,0.04,2015
549,TTTCGCCATCTTTTCTCACACCGTACTCGGTAAGGTTGTTAGTGACTCGTGAC,0.04743589744,2015
550,TTTCGCCATCTTTTCTCACACCGTACTCGGTAAGGTTGTTAGTGACTCGTGAC,0.0,2015
551,TTTCGCCATCTTTTCTCACACCGTACTCGGTAAGGTTGTTAGTGACTCGTGAC,0.002618760927,2015
552,TTTCGCCATCTTTTCTCACACCGTACTCGGTAAGGTTGTTAGTGACTCGTGAC,0.01066314279,2015
553,TTTCGCCATCTTTTCTCACACCGTACTCGGTAAGGTTGTTAGTGACTCGTGAC,0.01972795363,2015
554,TTTCGCCATCTTTTCTCACACCGTACTCGGTAAGGTTGTTAGTGACTCGTGAC,0.02743219249,2015
555,TTTCGCCATCTTTTCTCACACCGTACTCGGTAAGGTTGTTAGTGACTCGTGAC,0.04227875399,2015
556,TTTCGCCATCTTTTCTCACACCGTACTCGGTAAGGTTGTTAGTGACTCGTGAC,0.05802737471,2015
557,ATGATGCAGCGCATGTGTC,0.0027984742,2013
558,ATGATGCAGCGCATGTGTC,0.0053924796,2013
559,ATGATGCAGCGCATGTGTC,0.0158811912,2013
560,ATGATGCAGCGCATGTGTC,0.0190611083,2013
561,ATGATGCAGCGCATGTGTC,0.0259371491,2013
562,ATGATGCAGCGCATGTGTC,0.0244950238,2013
563,ATGATGCAGCGCATGTGTC,0.0135569066,2013
564,ATGATGCAGCGCATGTGTC,0.0056590889,2013
565,ATGATGCAGCGCATGTGTC,0.0168021771,2013
566,ATGATGCAGCGCATGTGTC,0.0235390165,2013
567,ATGATGCAGCGCATGTGTC,0.0473732719,2013
568,ATGATGCAGCGCATGTGTC,0.088083129,2013
569,ATGATGCAGCGCATGTGTC,0.0547008459,2013
570,TCATGCAGCGCGTAGTGTC,0.0104235299,2009
571,TCATGCAGCGCGTAGTGTC,0.0309772423,2009
572,TCATGCAGCGCGTAGTGTC,0.0695906331,2009
573,TCATGCAGCGCGTAGTGTC,0.1246844382,2009
574,TCATGCAGCGCGTAGTGTC,0.131170285,2009
575,TCATGCAGCGCGTAGTGTC,0.0946939449,2009
576,TCATGCAGCGCGTAGTGTC,0.0256758435,2009
577,TCATGCAGCGCGTAGTGTC,0.010070922,2009
578,TCATGCAGCGCGTAGTGTC,0.02070922,2009
579,TCATGCAGCGCGTAGTGTC,0.085248227,2009
580,TCATGCAGCGCGTAGTGTC,0.079929078,2009
581,TCATGCAGCGCGTAGTGTC,0.11929078,2009
582,TCATGCAGCGCGTAGTGTC,0.12248227,2009
583,TCATGCAGCGCGTAGTGTC,0.094822695,2009
584,TCATGCAGCGCGTAGTGTC,0.047659574,2009
585,TTACAGTGGTATCGATTGGGACGTGTGGAGCGTCAGGATGGTACA,0.027911265,2018
586,TTACAGTGGTATCGATTGGGACGTGTGGAGCGTCAGGATGGTACA,0.2008542345,2018
587,TTACAGTGGTATCGATTGGGACGTGTGGAGCGTCAGGATGGTACA,0.3970929686,2018
588,TTACAGTGGTATCGATTGGGACGTGTGGAGCGTCAGGATGGTACA,0.2176021224,2018
589,TTACAGTGGTATCGATTGGGACGTGTGGAGCGTCAGGATGGTACA,0.0497563362,2018
590,TTACAGTGGTATCGATTGGGACGTGTGGAGCGTCAGGATGGTACA,0.0056992869,2018
